number,production_code,episode_title,guest_star,role,sector
018–205,7F05,Dancin' Homer,Tony Bennett,Himself,Musician
024–211,7F11,"One Fish, Two Fish, Blowfish, Blue Fish",Larry King,Himself,Media & Journalism
031–218,7F18,Brush with Greatness,Ringo Starr,Himself,Musician
040–305,8F04,Homer Defined,Chick Hearn,Himself,Media & Journalism
040–305,8F04,Homer Defined,Magic Johnson,Himself,Athlete
048–313,8F11,Radio Bart,Sting,Himself,Musician
052–317,8F13,Homer at the Bat,Wade Boggs,Himself,Athlete
052–317,8F13,Homer at the Bat,Jose Canseco,Himself,Athlete
052–317,8F13,Homer at the Bat,Roger Clemens,Himself,Athlete
052–317,8F13,Homer at the Bat,"Ken Griffey, Jr.",Himself,Athlete
052–317,8F13,Homer at the Bat,Don Mattingly,Himself,Athlete
052–317,8F13,Homer at the Bat,Steve Sax,Himself,Athlete
052–317,8F13,Homer at the Bat,Mike Scioscia,Himself,Athlete
052–317,8F13,Homer at the Bat,Ozzie Smith,Himself,Athlete
052–317,8F13,Homer at the Bat,Darryl Strawberry,Himself,Athlete
058–323,8F23,"Brother, Can You Spare Two Dimes?",Joe Frazier,Himself,Athlete
063–404,9F02,Lisa the Beauty Queen,Bob Hope,Himself,Actor
065–406,9F03,Itchy & Scratchy: The Movie,Neil Armstrong (archival),Himself,Science & Education
066–407,9F05,Marge Gets a Job,Tom Jones,Himself,Musician
068–409,9F07,Mr. Plow,Linda Ronstadt,Herself,Musician
068–409,9F07,Mr. Plow,Adam West,Himself,Actor
071–412,9F10,Marge vs. the Monorail,Leonard Nimoy,Himself,Actor
076–417,9F15,Last Exit to Springfield,Joyce Brothers,Herself,Science & Education
078–419,9F16,The Front,Brooke Shields,Herself,Actor
079–420,9F18,Whacking Day,Barry White,Himself,Musician
080–421,9F20,Marge in Chains,David Crosby,Himself,Musician
081–422,9F19,Krusty Gets Kancelled,Johnny Carson,Himself,Media & Journalism
081–422,9F19,Krusty Gets Kancelled,Hugh Hefner,Himself,Business & Tech
081–422,9F19,Krusty Gets Kancelled,Bette Midler,Herself,Actor
081–422,9F19,Krusty Gets Kancelled,Luke Perry,Himself,Actor
081–422,9F19,Krusty Gets Kancelled,Elizabeth Taylor,Herself,Actor
081–422,9F19,Krusty Gets Kancelled,Barry White,Himself,Musician
082–501,9F21,Homer's Barbershop Quartet,David Crosby,Himself,Musician
082–501,9F21,Homer's Barbershop Quartet,George Harrison,Himself,Musician
088–507,1F05,Bart's Inner Child,James Brown,Himself,Musician
089–508,1F06,Boy-Scoutz 'n the Hood,Ernest Borgnine,Himself,Actor
091–510,1F08,"$pringfield (Or, How I Learned to; Stop Worrying and Love Legalized Gambling)",Gerry Cooney,Himself,Athlete
091–510,1F08,"$pringfield (Or, How I Learned to; Stop Worrying and Love Legalized Gambling)",Robert Goulet,Himself,Musician
093–512,1F11,Bart Gets Famous,Conan O'Brien,Himself,Media & Journalism
094–513,1F10,Homer and Apu,James Woods,Himself,Actor
096–515,1F13,Deep Space Homer,Buzz Aldrin,Himself,Science & Education
096–515,1F13,Deep Space Homer,James Taylor,Himself,Musician
108–605,2F02,Sideshow Bob Roberts,Dr. Demento,Himself,Media & Journalism
108–605,2F02,Sideshow Bob Roberts,Larry King,Himself,Media & Journalism
118–615,2F12,Homie the Clown,Dick Cavett,Himself,Media & Journalism
118–615,2F12,Homie the Clown,Johnny Unitas,Himself,Athlete
120–617,2F14,Homer vs. Patty and Selma,Mel Brooks,Himself,Actor
125–622,2F32,'Round Springfield,Steve Allen,Himself,Media & Journalism
128–625,2F16,Who Shot Mr. Burns? Part 1,Tito Puente,Himself,Musician
129–701,2F20,Who Shot Mr. Burns? Part 2,Tito Puente,Himself,Musician
130–702,2F17,Radioactive Man,Mickey Rooney,Himself,Actor
133–705,3F03,Lisa the Vegetarian,Linda McCartney,Herself,Musician
133–705,3F03,Lisa the Vegetarian,Paul McCartney,Himself,Musician
134–706,3F04,Treehouse of Horror VI,Paul Anka,Himself,Musician
142–714,3F11,Scenes from the Class Struggle in Springfield,Tom Kite,Himself,Athlete
143–715,3F12,Bart the Fink,Bob Newhart,Himself,Actor
146–718,3F16,The Day the Violence Died,Suzanne Somers,Herself,Actor
152–724,3F21,Homerpalooza,Peter Frampton,Himself,Musician
156–803,4F03,The Homer They Fall,Michael Buffer,Himself,Media & Journalism
163–810,3G01,The Springfield Files,Leonard Nimoy,Himself,Actor
174–821,4F17,The Old Man and the Lisa,Bret Hart,Himself,Athlete
177–824,4F20,The Simpsons Spin-Off Showcase,Tim Conway,Himself,Actor
184–906,5F03,Bart Star,Roy Firestone,Himself,Media & Journalism
184–906,5F03,Bart Star,Joe Namath,Himself,Athlete
186–908,5F05,Lisa the Skeptic,Stephen Jay Gould,Himself,Science & Education
188–910,5F07,Miracle on Evergreen Terrace,Alex Trebek,Himself,Media & Journalism
193–915,5F10,The Last Temptation of Krust,Bruce Baum,Himself,Actor
193–915,5F10,The Last Temptation of Krust,Janeane Garofalo,Herself,Actor
193–915,5F10,The Last Temptation of Krust,Bobcat Goldthwait,Himself,Actor
193–915,5F10,The Last Temptation of Krust,Jay Leno,Himself,Media & Journalism
193–915,5F10,The Last Temptation of Krust,Steven Wright,Himself,Actor
197–919,3G04,Simpson Tide,Bob Denver,Himself,Actor
200–922,5F09,Trash of the Titans,Paul McGuinness,Himself,Music Industry
200–922,5F09,Trash of the Titans,Susie Smith,Herself,Music Industry
207–1004,AABF01,Treehouse of Horror IX,Ed McMahon,Himself,Media & Journalism
207–1004,AABF01,Treehouse of Horror IX,Jerry Springer,Himself,Media & Journalism
208–1005,5F19,When You Dish Upon a Star,Alec Baldwin,Himself,Actor
208–1005,5F19,When You Dish Upon a Star,Kim Basinger,Herself,Actor
208–1005,5F19,When You Dish Upon a Star,Brian Grazer,Himself,Filmmaker
208–1005,5F19,When You Dish Upon a Star,Ron Howard,Himself,Filmmaker
214–1011,AABF07,Wild Barts Can't Be Broken,Cyndi Lauper,Herself,Musician
214–1011,AABF07,Wild Barts Can't Be Broken,Franklin D. Roosevelt (archival),Himself,Politician
215–1012,AABF08,"Sunday, Cruddy Sunday",Troy Aikman,Himself,Athlete
215–1012,AABF08,"Sunday, Cruddy Sunday",Rosey Grier,Himself,Athlete
215–1012,AABF08,"Sunday, Cruddy Sunday",John Madden,Himself,Media & Journalism
215–1012,AABF08,"Sunday, Cruddy Sunday",Dan Marino,Himself,Athlete
215–1012,AABF08,"Sunday, Cruddy Sunday",Rupert Murdoch,Himself,Business & Tech
215–1012,AABF08,"Sunday, Cruddy Sunday",Dolly Parton,Herself,Musician
215–1012,AABF08,"Sunday, Cruddy Sunday",Pat Summerall,Himself,Media & Journalism
216–1013,AABF09,Homer to the Max,"Ed Begley, Jr.",Himself,Actor
217–1014,AABF11,I'm with Cupid,Elton John,Himself,Musician
222–1019,AABF15,Mom and Pop Art,Jasper Johns,Himself,Artist
223–1020,AABF16,"The Old Man and the ""C"" Student",Jack LaLanne,Himself,Entertainer
225–1022,AABF18,They Saved Lisa's Brain,Stephen Hawking,Himself,Science & Education
227–1101,AABF23,Beyond Blunderdome,Mel Gibson,Himself,Actor
228–1102,AABF22,Brother's Little Helper,Mark McGwire,Himself,Athlete
230–1104,BABF01,Treehouse of Horror X,Tom Arnold,Himself,Actor
230–1104,BABF01,Treehouse of Horror X,Dick Clark,Himself,Media & Journalism
230–1104,BABF01,Treehouse of Horror X,Lucy Lawless,Herself,Actor
232–1106,BABF02,"Hello Gutter, Hello Fadder",Ron Howard,Himself,Filmmaker
232–1106,BABF02,"Hello Gutter, Hello Fadder",Penn Jillette,Himself,Entertainer
232–1106,BABF02,"Hello Gutter, Hello Fadder",Pat O'Brien,Himself,Media & Journalism
232–1106,BABF02,"Hello Gutter, Hello Fadder",Nancy O'Dell,Herself,Media & Journalism
232–1106,BABF02,"Hello Gutter, Hello Fadder",Teller,Himself,Entertainer
233–1107,BABF03,Eight Misbehavin',Butch Patrick,Himself,Actor
234–1108,BABF05,"Take My Wife, Sleaze",Jay North,Himself,Actor
235–1109,BABF07,Grift of the Magi,Gary Coleman,Himself,Actor
238–1112,BABF08,The Mansion Family,Britney Spears,Herself,Musician
239–1113,BABF09,Saddlesore Galactica,Randy Bachman,Himself,Musician
239–1113,BABF09,Saddlesore Galactica,Fred Turner,Himself,Musician
241–1115,BABF11,Missionary: Impossible,Betty White,Herself,Actor
245–1119,BABF16,Kill the Alligator and Run,Joe C.,Himself,Musician
245–1119,BABF16,Kill the Alligator and Run,Robert Evans,Himself,Filmmaker
245–1119,BABF16,Kill the Alligator and Run,Kid Rock,Himself,Musician
245–1119,BABF16,Kill the Alligator and Run,Charlie Rose,Himself,Media & Journalism
248–1122,BABF19,Behind the Laughter,Willie Nelson,Himself,Musician
250–1202,BABF20,A Tale of Two Springfields,Gary Coleman,Himself,Actor
251–1203,BABF17,Insane Clown Poppy,Stephen King,Himself,Writer
251–1203,BABF17,Insane Clown Poppy,Amy Tan,Herself,Writer
251–1203,BABF17,Insane Clown Poppy,John Updike,Himself,Writer
253–1205,CABF04,Homer vs. Dignity,Leeza Gibbons,Herself,Media & Journalism
258–1210,CABF05,Pokey Mom,Bruce Vilanch,Himself,Comedy Writer
259–1211,CABF08,Worst Episode Ever,Neil Armstrong (archival),Himself,Science & Education
259–1211,CABF08,Worst Episode Ever,Johnnie Cochran (archival),Himself,Lawyer
259–1211,CABF08,Worst Episode Ever,Richard Nixon (archival),Himself,Politician
259–1211,CABF08,Worst Episode Ever,Tom Savini,Himself,Filmmaker
260–1212,CABF07,Tennis the Menace,Andre Agassi,Himself,Athlete
260–1212,CABF07,Tennis the Menace,Pete Sampras,Himself,Athlete
260–1212,CABF07,Tennis the Menace,Serena Williams,Herself,Athlete
260–1212,CABF07,Tennis the Menace,Venus Williams,Herself,Athlete
261–1213,CABF10,Day of the Jackanapes,Gary Coleman,Himself,Actor
274–1305,CABF21,The Blunder Years,Paul Newman,Himself,Actor
274–1305,CABF21,The Blunder Years,Judith Owen,Herself,Musician
275–1306,DABF02,She of Little Faith,Richard Gere,Himself,Actor
280–1311,DABF06,The Bart Wants What It Wants,Wolfgang Puck,Himself,Chef
287–1318,DABF13,I Am Furious (Yellow),Stan Lee,Himself,Writer
288–1319,DABF14,The Sweetest Apu,James Lipton,Himself,Media & Journalism
289–1320,DABF15,Little Girl in the Big Ten,Robert Pinsky,Himself,Writer
290–1321,DABF16,The Frying Game,Carmen Electra,Herself,Actor
293–1402,DABF22,How I Spent My Strummer Vacation,Elvis Costello,Himself,Musician
293–1402,DABF22,How I Spent My Strummer Vacation,Mick Jagger,Himself,Musician
293–1402,DABF22,How I Spent My Strummer Vacation,Lenny Kravitz,Himself,Musician
293–1402,DABF22,How I Spent My Strummer Vacation,Tom Petty,Himself,Musician
293–1402,DABF22,How I Spent My Strummer Vacation,Keith Richards,Himself,Musician
293–1402,DABF22,How I Spent My Strummer Vacation,Brian Setzer,Himself,Musician
296–1405,DABF21,Helter Shelter,Larry Holmes,Himself,Athlete
296–1405,DABF21,Helter Shelter,David Lander,Himself,Actor
298–1407,EABF02,Special Edna,Little Richard,Himself,Musician
299–1408,EABF03,The Dad Who Knew Too Little,Elliott Gould,Himself,Actor
301–1410,EABF06,Pray Anything,Ken Burns,Himself,Filmmaker
301–1410,EABF06,Pray Anything,Lisa Leslie,Herself,Athlete
302–1411,EABF05,Barting Over,Tony Hawk,Himself,Athlete
303–1412,EABF07,I'm Spelling as Fast as I Can,George Plimpton,Himself,Writer
304–1413,EABF08,A Star Is Born Again,James L. Brooks,Himself,Filmmaker
304–1413,EABF08,A Star Is Born Again,Helen Fielding,Herself,Writer
308–1417,EABF12,Three Gays of the Condo,Ben Schatz,Himself,Actor
308–1417,EABF12,Three Gays of the Condo,Weird Al Yankovic,Himself,Musician
309–1418,EABF13,"Dude, Where's My Ranch?",David Byrne,Himself,Musician
311–1420,EABF15,"Brake My Wife, Please",Jackson Browne,Himself,Musician
311–1420,EABF15,"Brake My Wife, Please",Steve Buscemi,Himself,Actor
314–1501,EABF21,Treehouse of Horror XIV,Oscar De La Hoya,Himself,Athlete
314–1501,EABF21,Treehouse of Horror XIV,Jennifer Garner,Herself,Actor
314–1501,EABF21,Treehouse of Horror XIV,Dudley R. Herschbach,Himself,Science & Education
316–1503,EABF20,The President Wore Pearls,Michael Moore,Himself,Filmmaker
317–1504,EABF22,The Regina Monologues,Tony Blair,Himself,Politician
317–1504,EABF22,The Regina Monologues,Evan Marriott,Himself,Media & Journalism
317–1504,EABF22,The Regina Monologues,Ian McKellen,Himself,Actor
317–1504,EABF22,The Regina Monologues,J. K. Rowling,Herself,Writer
319–1506,FABF01,Today I Am A Clown,Mr. T,Himself,Actor
323–1510,FABF05,Diatribe of a Mad Housewife,Tom Clancy,Himself,Writer
323–1510,FABF05,Diatribe of a Mad Housewife,Ashley Olsen,Herself,Actor
323–1510,FABF05,Diatribe of a Mad Housewife,Mary-Kate Olsen,Herself,Actor
323–1510,FABF05,Diatribe of a Mad Housewife,Thomas Pynchon,Himself,Writer
325–1512,FABF07,Milhouse Doesn't Live Here Anymore,Isabel Sanford,Herself,Actor
330–1517,FABF12,My Big Fat Geek Wedding,Matt Groening,Himself,Artist
332–1519,FABF15,Simple Simpson,Nichelle Nichols,Herself,Actor
337–1602,FABF20,All's Fair in Oven War,James Caan,Himself,Actor
337–1602,FABF20,All's Fair in Oven War,Thomas Pynchon,Himself,Writer
343–1608,GABF02,Homer and Ned's Hail Mary Pass,Tom Brady,Himself,Athlete
343–1608,GABF02,Homer and Ned's Hail Mary Pass,LeBron James,Himself,Athlete
343–1608,GABF02,Homer and Ned's Hail Mary Pass,Michelle Kwan,Herself,Athlete
343–1608,GABF02,Homer and Ned's Hail Mary Pass,Warren Sapp,Himself,Athlete
343–1608,GABF02,Homer and Ned's Hail Mary Pass,Yao Ming,Himself,Athlete
344–1609,GABF03,Pranksta Rap,50 Cent,Himself,Musician
346–1611,GABF05,On a Clear Day I Can't See My Sister,Gary Busey,Himself,Actor
347–1612,GABF06,Goo Goo Gai Pan,Robert Wagner,Himself,Actor
349–1614,GABF08,The Seven-Beer Snitch,Frank Gehry,Himself,Science & Education
351–1616,GABF10,Don't Fear the Roofer,Stephen Hawking,Himself,Science & Education
355–1620,GABF15,Home Away from Homer,Jason Bateman,Himself,Actor
360–1704,GABF17,Treehouse of Horror XVI,Terry Bradshaw,Himself,Athlete
360–1704,GABF17,Treehouse of Horror XVI,Dennis Rodman,Himself,Athlete
366–1710,HABF03,Homer's Paternity Coot,Joe Frazier,Himself,Athlete
366–1710,HABF03,Homer's Paternity Coot,William H. Macy,Himself,Actor
370–1714,HABF07,Bart Has Two Mommies,Randy Johnson,Himself,Athlete
370–1714,HABF07,Bart Has Two Mommies,Susan Sarandon,Herself,Actor
372–1716,HABF09,Million Dollar Abie,Rob Reiner,Himself,Filmmaker
373–1717,HABF10,"Kiss Kiss, Bang Bangalore",Richard Dean Anderson,Himself,Actor
376–1720,HABF13,Regarding Margie,Sal Bando,Himself,Athlete
376–1720,HABF13,Regarding Margie,Gene Tenace,Himself,Athlete
377–1721,HABF14,The Monkey Suit,Melanie Griffith,Herself,Actor
382–1804,HABF17,Treehouse of Horror XVII,Phil McGraw,Himself,Science & Education
384–1806,HABF19,Moe'N'a Lisa,Michael Chabon,Himself,Writer
384–1806,HABF19,Moe'N'a Lisa,Jonathan Franzen,Himself,Writer
384–1806,HABF19,Moe'N'a Lisa,Gore Vidal,Himself,Writer
384–1806,HABF19,Moe'N'a Lisa,Tom Wolfe,Himself,Writer
387–1809,JABF01,"Kill Gil, Volumes I & II",Elvis Stojko,Himself,Athlete
392–1814,JABF09,Yokel Chords,Andy Dick,Himself,Actor
392–1814,JABF09,Yokel Chords,James Patterson,Himself,Writer
392–1814,JABF09,Yokel Chords,Stephen Sondheim,Himself,Musician
394–1816,JABF06,Homerazzi,Betty White,Herself,Actor
395–1817,JABF10,Marge Gamer,Ronaldo,Himself,Athlete
398–1818,JABF12,Stop or My Dog Will Shoot,Rudy Giuliani,Himself,Politician
398–1818,JABF12,Stop or My Dog Will Shoot,Stephen Hawking,Himself,Science & Education
400–1822,JABF15,You Kent Always Say What You Want,Ludacris,Himself,Musician
M1,—,The Simpsons Movie,Tom Hanks,Himself,Actor
401–1901,JABF20,He Loves to Fly and He D'ohs,Lionel Richie,Himself,Musician
402–1902,JABF18,Homer of Seville,Plácido Domingo,Himself,Musician
404–1904,JABF19,I Don't Wanna Know Why the Caged Bird Sings,Ted Nugent,Himself,Musician
407–1907,JABF17,Husbands and Knives,Daniel Clowes,Himself,Artist
407–1907,JABF17,Husbands and Knives,Alan Moore,Himself,Writer
407–1907,JABF17,Husbands and Knives,Art Spiegelman,Himself,Artist
408–1908,KABF01,Funeral for a Fiend,Keith Olbermann,Himself,Media & Journalism
410–1910,KABF03,E Pluribus Wiggum,Dan Rather,Himself,Media & Journalism
410–1910,KABF03,E Pluribus Wiggum,Jon Stewart,Himself,Media & Journalism
411–1911,KABF04,That '90s Show,Kurt Loder,Himself,Media & Journalism
411–1911,KABF04,That 90's Show,Weird Al Yankovic,Himself,Musician
413–1913,KABF06,The Debarted,Terry Gross,Herself,Media & Journalism
418–1918,KABF11,Any Given Sundance,Jim Jarmusch,Himself,Filmmaker
418–1918,KABF11,Any Given Sundance,John C. Reilly,Himself,Actor
419–1919,KABF12,Mona Leaves-a,Lance Armstrong,Himself,Athlete
420–1920,KABF13,All About Lisa,Drew Carey,Himself,Media & Journalism
422–2002,KABF15,Lost Verizon,Brian Grazer,Himself,Filmmaker
422–2002,KABF15,Lost Verizon,Denis Leary,Himself,Actor
423–2003,KABF14,"Double, Double, Boy in Trouble",Joe Montana,Himself,Athlete
426–2006,KABF19,Homer and Lisa Exchange Cross Words,Merl Reagle,Himself,Crossword Constructor
426–2006,KABF19,Homer and Lisa Exchange Cross Words,Will Shortz,Himself,Crossword Editor
428–2008,KABF21,The Burns and the Bees,Marv Albert,Himself,Media & Journalism
428–2008,KABF21,The Burns and the Bees,Jeff Bezos,Himself,Business & Tech
428–2008,KABF21,The Burns and the Bees,Mark Cuban,Himself,Business & Tech
433–2013,LABF04,Gone Maggie Gone,"Ed Begley, Jr.",Himself,Actor
442–2101,LABF13,Homer the Whopper,Matt Groening,Himself,Artist
444–2103,LABF16,The Great Wife Hope,Chuck Liddell,Himself,Athlete
449–2108,MABF01,"O Brother, Where Bart Thou?",Huell Howser,Himself,Media & Journalism
449–2108,MABF01,"O Brother, Where Bart Thou?",Cooper Manning,Himself,Media & Journalism
449–2108,MABF01,"O Brother, Where Bart Thou?",Eli Manning,Himself,Athlete
449–2108,MABF01,"O Brother, Where Bart Thou?",Peyton Manning,Himself,Athlete
450–2109,MABF02,Thursdays with Abie,Mitch Albom,Himself,Writer
451–2110,LABF20,Once Upon a Time in Springfield,Eartha Kitt,Herself,Musician
451–2110,LABF20,Once Upon a Time in Springfield,Gary Larson,Himself,Artist
452–2111,MABF03,Million Dollar Maybe,Chris Martin,Himself,Musician
453–2112,MABF05,Boy Meets Curl,Bob Costas,Himself,Media & Journalism
462–2121,MABF13,Moe Letter Blues,Don Pardo,Himself,Media & Journalism
464–2123,MABF15,Judge Me Tender,Simon Cowell,Himself,Media & Journalism
464–2123,MABF15,Judge Me Tender,Ellen DeGeneres,Herself,Media & Journalism
464–2123,MABF15,Judge Me Tender,Kara DioGuardi,Herself,Musician
464–2123,MABF15,Judge Me Tender,Randy Jackson,Himself,Musician
464–2123,MABF15,Judge Me Tender,Rupert Murdoch,Himself,Business & Tech
464–2123,MABF15,Judge Me Tender,Ryan Seacrest,Himself,Media & Journalism
465–2201,MABF21,Elementary School Musical,Ira Glass,Himself,Media & Journalism
465–2201,MABF21,Elementary School Musical,Stephen Hawking,Himself,Science & Education
466–2202,MABF17,Loan-a Lisa,Chris Hansen,Himself,Media & Journalism
466–2202,MABF17,Loan-a Lisa,Muhammad Yunus,Himself,Science & Education
466–2202,MABF17,Loan-a Lisa,Mark Zuckerberg,Himself,Business & Tech
467–2203,MABF18,MoneyBART,Bill James,Himself,Sports Executive
467–2203,MABF18,MoneyBART,Mike Scioscia,Himself,Sports Executive
471–2207,NABF02,How Munched is That Birdie in the Window?,Danica Patrick,Herself,Athlete
472–2208,MABF22,The Fight Before Christmas,Martha Stewart,Herself,Business & Tech
476–2212,NABF05,Homer the Father,James Lipton,Himself,Media & Journalism
476–2212,NABF05,Homer the Father,David Mamet,Himself,Writer
478–2214,NABF07,Angry Dad: The Movie,Halle Berry,Herself,Actor
478–2214,NABF07,Angry Dad: The Movie,Russell Brand,Himself,Actor
478–2214,NABF07,Angry Dad: The Movie,Ricky Gervais,Himself,Actor
478–2214,NABF07,Angry Dad: The Movie,Nick Park,Himself,Artist
480–2216,NABF09,A Midsummer's Nice Dream,Tommy Chong,Himself,Actor
480–2216,NABF09,A Midsummer's Nice Dream,Cheech Marin,Himself,Actor
481–2217,NABF10,Love Is a Many Strangled Thing,Kareem Abdul-Jabbar,Himself,Athlete
482–2218,NABF11,The Great Simpsina,David Copperfield,Himself,Entertainer
482–2218,NABF11,The Great Simpsina,Ricky Jay,Himself,Entertainer
482–2218,NABF11,The Great Simpsina,Penn Jillette,Himself,Entertainer
482–2218,NABF11,The Great Simpsina,Teller,Himself,Entertainer
486–2222,NABF15,The Ned-Liest Catch,Ken Burns,Himself,Filmmaker
486–2222,NABF15,The Ned-Liest Catch,Joey Kramer,Himself,Musician
487–2301,NABF16,The Falcon and the D'ohman,Tom Colicchio,Himself,Chef
488–2302,NABF17,Bart Stops to Smell the Roosevelts,Theodore Roosevelt (archival),Himself,Politician
491–2305,NABF20,The Food Wife,Mario Batali,Himself,Chef
491–2305,NABF20,The Food Wife,Anthony Bourdain,Himself,Chef
491–2305,NABF20,The Food Wife,Gordon Ramsay,Himself,Chef
492–2306,NABF22,The Book Job,Neil Gaiman,Himself,Writer
494–2308,PABF02,The Ten-Per-Cent Solution,Kevin Dillon,Himself,Actor
494–2308,PABF02,The Ten-Per-Cent Solution,Janeane Garofalo,Herself,Actor
496–2310,PABF03,"Politically Inept, with Homer Simpson",Ted Nugent,Himself,Musician
497–2311,PABF04,The D'oh-cial Network,David Letterman,Himself,Media & Journalism
499–2313,PABF06,The Daughter Also Rises,Jamie Hyneman,Himself,Filmmaker
499–2313,PABF06,The Daughter Also Rises,Adam Savage,Himself,Filmmaker
500–2314,PABF07,At Long Last Leave,Julian Assange,Himself,Activist
501–2315,PABF09,Exit Through the Kwik-E-Mart,Robbie Conal,Himself,Artist
501–2315,PABF09,Exit Through the Kwik-E-Mart,Ron English,Himself,Artist
501–2315,PABF09,Exit Through the Kwik-E-Mart,Shepard Fairey,Himself,Artist
501–2315,PABF09,Exit Through the Kwik-E-Mart,Kenny Scharf,Himself,Artist
505–2319,PABF12,A Totally Fun Thing That Bart Will Never Do Again,Treat Williams,Himself,Actor
508–2322,PABF14,Lisa Goes Gaga,Lady Gaga,Herself,Musician
509–2401,PABF21,Moonshine River,Don Pardo,Himself,Media & Journalism
509–2401,PABF21,Moonshine River,Al Roker,Himself,Media & Journalism
511–2403,PABF18,Adventures in Baby-Getting,Jeff Gordon,Himself,Athlete
512–2404,PABF15,Gone Abie Gone,Marvin Hamlisch,Himself,Musician
512–2404,PABF15,Gone Abie Gone,Jennifer Tilly,Herself,Actor
513–2405,PABF19,Penny-Wiseguys,Alex Trebek,Himself,Media & Journalism
515–2407,PABF20,The Day the Earth Stood Cool,Colin Meloy,Himself,Musician
520–2412,RABF07,Love is a Many-Splintered Thing,Robert A. Caro,Himself,Writer
520–2412,RABF07,Love is a Many-Splintered Thing,Max Weinberg,Himself,Musician
523–2415,RABF09,"Black Eyed, Please",Richard Dawkins,Himself,Science & Education
524–2416,RABF10,Dark Knight Court,Janet Reno,Herself,Politician
527–2419,RABF13,Whiskey Business,Sonny Rollins,Himself,Musician
528–2420,RABF12,The Fabulous Faker Boy,Justin Bieber,Himself,Musician
533–2503,RABF18,Four Regrettings and a Funeral,Rachel Maddow,Herself,Media & Journalism
533–2503,RABF18,Four Regrettings and a Funeral,Joe Namath,Himself,Athlete
536–2506,SABF02,The Kid Is All Right,Anderson Cooper,Himself,Media & Journalism
539–2509,SABF05,Steal This Episode,Judd Apatow,Himself,Filmmaker
539–2509,SABF05,Steal This Episode,Rob Halford,Himself,Musician
539–2509,SABF05,Steal This Episode,Leslie Mann,Herself,Actor
539–2509,SABF05,Steal This Episode,Seth Rogen,Himself,Actor
539–2509,SABF05,Steal This Episode,Paul Rudd,Himself,Actor
540–2510,SABF03,Married to the Blob,Harlan Ellison,Himself,Writer
540–2510,SABF03,Married to the Blob,Stan Lee,Himself,Writer
541–2511,SABF06,Specs and the City,Will Lyman,Himself,Actor
546–2516,SABF11,You Don't Have to Live Like a Referee,Andrés Cantor,Himself,Media & Journalism
551–2521,SABF15,Pay Pal,Carl Kasell,Himself,Media & Journalism
551–2521,SABF15,Pay Pal,Peter Sagal,Himself,Media & Journalism
552–2522,SABF18,The Yellow Badge of Cowardge,Edwin Moses,Himself,Athlete
553–2601,SABF20,Clown in the Dumps,David Hyde Pierce,Himself,Actor
553–2601,SABF20,Clown in the Dumps,Jeff Ross,Himself,Actor
553–2601,SABF20,Clown in the Dumps,Sarah Silverman,Herself,Actor
557–2605,SABF22,Opposites A-Frack,Robert Siegel,Himself,Media & Journalism
559–2607,TABF01,Blazed and Confused,David Silverman,Himself,Artist
560–2608,TABF02,Covercraft,Sammy Hagar,Himself,Musician
564–2612,TABF04,The Musk Who Fell To Earth,Elon Musk,Himself,Business & Tech
565–2613,TABF06,Walking Big & Tall,Pharrell Williams,Himself,Musician
567–2615,TABF08,The Princess Guide,Richard Branson,Himself,Business & Tech
569–2617,TABF10,Waiting for Duffman,Cat Deeley,Herself,Media & Journalism
573–2621,TABF15,Bull-E,Johnny Mathis,Himself,Musician
576–2702,TABF17,'Cue Detective,Alton Brown,Himself,Chef
577–2703,TABF19,Puffless,Yo-Yo Ma,Himself,Musician
580–2706,TABF21,Friend With Benefit,David Copperfield,Himself,Entertainer
588–2714,VABF06,Gal of Constant Sorrow,Bob Boilen,Himself,Media & Journalism
591–2717,VABF10,The Burns Cage,George Takei,Himself,Actor
592–2718,VABF11,How Lisa Got Her Marge Back,Andrew Rannells,Himself,Actor
594–2720,VABF14,To Courier with Love,Jay Leno,Himself,Media & Journalism
599–2803,VABF17,The Town,Doris Kearns Goodwin,Herself,Science & Education
600–2804,VABF16,Treehouse of Horror XXVII,Drew Carey,Himself,Media & Journalism
600–2804,VABF16,Treehouse of Horror XXVII,Donald Fagen,Himself,Musician
601–2805,VABF21,Trust But Clarify,Dan Rather,Himself,Media & Journalism
604–2808,WABF01,Dad Behavior,Matt Leinart,Himself,Athlete
606–2810,WABF02,The Nightmare After Krustmas,Wayne Gretzky,Himself,Athlete
606–2810,WABF02,The Nightmare After Krustmas,Theo Jansen,Himself,Artist
607–2811,WABF06,Pork and Burns,Joyce Carol Oates,Herself,Writer
608–2812; 609–2813,WABF04; WABF05,The Great Phatsby,Charles Barkley,Himself,Athlete
608–2812; 609–2813,WABF04; WABF05,The Great Phatsby,Common,Himself,Musician
608–2812; 609–2813,WABF04; WABF05,The Great Phatsby,Snoop Dogg,Himself,Musician
608–2812; 609–2813,WABF04; WABF05,The Great Phatsby,RZA,Himself,Musician
611–2815,WABF08,The Cad and the Hat,Magnus Carlsen,Himself,Science & Education
613–2817,WABF10,22 for 30,Stephen Curry,Himself,Athlete
614–2818,WABF11,A Father's Watch,Adam Silver,Himself,Sports Executive
615–2819,WABF12,The Caper Chase,Ken Jennings,Himself,Media & Journalism
615–2819,WABF12,The Caper Chase,Stan Lee,Himself,Writer
615–2819,WABF12,The Caper Chase,Robert McKee,Himself,Writer
615–2819,WABF12,The Caper Chase,Suze Orman,Herself,Business & Tech
615–2819,WABF12,The Caper Chase,Neil deGrasse Tyson,Himself,Science & Education
620–2902,WABF22,Springfield Splendor,Alison Bechdel,Herself,Artist
620–2902,WABF22,Springfield Splendor,Roz Chast,Herself,Artist
620–2902,WABF22,Springfield Splendor,Dan Harmon,Himself,Writer
620–2902,WABF22,Springfield Splendor,Marjane Satrapi,Herself,Writer
622–2904,WABF18,Treehouse of Horror XXVIII,Mario Batali,Himself,Chef
626–2908,XABF01,Mr. Lisa's Opus,Norman Lear,Himself,Writer
627–2909,XABF02,Gone Boy,John F. Kennedy (archival),Himself,Politician
627–2909,XABF02,Gone Boy,Shaquille O'Neal,Himself,Athlete
631–2913,XABF06,3 Scenes Plus a Tag from a Marriage,John Baldessari,Himself,Artist
632–2914,XABF08,Fears of a Clown,Damian Kulash,Himself,Musician
632–2914,XABF08,Fears of a Clown,Tim Nordwind,Himself,Musician
633–2915,XABF07,No Good Read Goes Unpunished,Daniel Radcliffe,Himself,Actor
635–2917,XABF11,Lisa Gets the Blues,Trombone Shorty,Himself,Musician
642–3003,XABF17,My Way or the Highway to Heaven,Jon Lovitz,Himself,Actor
642–3003,XABF17,My Way or the Highway to Heaven,Tracy Morgan,Himself,Actor
646–3007,XABF21,Werking Mom,Sutan Amrull,Himself,Entertainer
650–3011,YABF03,Mad About the Toy,Bill de Blasio,Himself,Politician
650–3011,YABF03,Mad About the Toy,Lawrence O'Donnell,Himself,Media & Journalism
651–3012,YABF04,The Girl on the Bus,Terry Gross,Herself,Media & Journalism
652–3013,YABF06,I'm Dancing as Fat as I Can,Ted Sarandos,Himself,Business & Tech
653–3014,YABF05,The Clown Stays in the Picture,Marc Maron,Himself,Actor
654–3015,YABF07,101 Mitigations,Guillermo del Toro,Himself,Filmmaker
659–3020,YABF12,I'm Just a Girl Who Can't Say D'oh,John Lithgow,Himself,Actor
660–3021,YABF14,D'oh Canada,Judy Blume,Herself,Writer
661–3022,YABF15,Woo-Hoo Dunnit?,Ken Burns,Himself,Filmmaker
